,city,latitude,longitude,max_temperature,cloudiness,wind_speed,humidity,country,date
0,Chui,-33.6971,-53.4616,17.07,21,3.66,95,UY,1619249002
1,Rikitea,-23.1203,-134.9692,25.4,100,6.85,79,PF,1619248990
2,Şoarş,45.9333,24.9167,11.0,0,1.03,40,RO,1619249003
3,Mayumba,-3.432,10.6554,25.95,100,1.58,77,GA,1619249004
4,Paamiut,61.994,-49.6678,2.32,0,2.14,68,GL,1619249004
5,Petropavl,54.8753,69.1628,12.0,0,8.0,22,KZ,1619249005
6,Hithadhoo,-0.6,73.0833,28.36,100,2.25,69,MV,1619249005
7,Touros,-5.1989,-35.4608,24.0,40,2.06,94,BR,1619248798
8,Hobart,-42.8794,147.3294,14.0,40,5.66,54,AU,1619249006
9,Winnemucca,40.973,-117.7357,15.0,1,5.66,25,US,1619249006
10,Kodinsk,58.6881,99.1844,6.46,100,2.54,65,RU,1619249006
11,Tomatlán,19.9333,-105.25,20.05,99,0.78,71,MX,1619249007
12,Baghdad,33.3406,44.4009,34.0,0,3.09,14,IQ,1619248983
13,Mar del Plata,-38.0023,-57.5575,16.67,90,1.54,100,AR,1619249005
14,Chengde,40.9725,117.9361,20.07,9,6.01,37,CN,1619249008
15,Ljungby,56.8332,13.9408,5.0,0,5.14,52,SE,1619249008
16,Kununurra,-15.7667,128.7333,32.0,7,5.14,22,AU,1619248975
17,Cidreira,-30.1811,-50.2056,19.72,7,5.4,87,BR,1619249009
18,Padang,-0.9492,100.3543,31.0,20,2.06,66,ID,1619249009
19,Bredasdorp,-34.5322,20.0403,13.0,100,1.03,94,ZA,1619249010
20,Kaitangata,-46.2817,169.8464,10.0,9,1.79,75,NZ,1619249010
21,Lázaro Cárdenas,17.9583,-102.2,23.72,100,0.99,76,MX,1619249010
22,Verkhnevilyuysk,63.4453,120.3167,2.59,100,3.06,94,RU,1619249011
23,Ilhabela,-23.7781,-45.3581,20.45,38,2.61,84,BR,1619249011
24,Ribeira Grande,38.5167,-28.7,14.0,40,8.23,72,PT,1619249012
25,East London,-33.0153,27.9116,20.0,0,3.09,68,ZA,1619249012
26,Tuatapere,-46.1333,167.6833,8.33,14,0.89,90,NZ,1619249012
27,Zhangye,38.9342,100.4517,13.69,12,3.62,33,CN,1619249013
28,Castro,-24.7911,-50.0119,11.1,100,0.6,92,BR,1619249013
29,Ancud,-41.8697,-73.8203,9.84,28,2.11,86,CL,1619249014
30,Albany,42.6001,-73.9662,8.0,1,5.14,53,US,1619248715
31,Sakakah,29.9697,40.2064,31.0,0,7.72,11,SA,1619249015
32,Songyang,34.4553,113.0281,12.08,100,2.26,82,CN,1619249015
33,Mataura,-46.1927,168.8643,8.33,8,0.89,90,NZ,1619248884
34,Muscat,23.6139,58.5922,34.28,0,2.37,29,OM,1619248750
35,Nikolskoye,59.7035,30.7861,6.11,75,3.0,87,RU,1619248952
36,Ushuaia,-54.8,-68.3,5.0,75,1.54,93,AR,1619248999
37,Meulaboh,4.1363,96.1285,26.38,100,1.08,82,ID,1619249016
38,Cabo San Lucas,22.8909,-109.9124,19.44,33,4.9,66,MX,1619248929
39,Punta Arenas,-53.15,-70.9167,8.0,75,2.57,87,CL,1619248905
40,Mahon,39.8885,4.2658,15.0,20,4.12,77,ES,1619248812
41,Guerrero Negro,27.9769,-114.0611,14.52,95,4.89,84,MX,1619249017
42,Lebu,-37.6167,-73.65,10.95,12,4.51,87,CL,1619249008
43,Kavieng,-2.5744,150.7967,27.78,50,1.22,72,PG,1619249018
44,Carutapera,-1.195,-46.02,23.86,100,2.11,93,BR,1619249018
45,Labuhan,-6.8844,112.2051,29.44,52,3.54,64,ID,1619249019
46,Durant,33.994,-96.3708,13.0,1,1.54,100,US,1619248749
47,Chokurdakh,70.6333,147.9167,-13.58,20,1.09,90,RU,1619249019
48,Kalmunai,7.4167,81.8167,31.17,12,3.79,60,LK,1619249019
49,Tombouctou,20.0,-3.0,28.99,45,3.5,11,ML,1619249020
50,Egvekinot,66.3167,-179.1667,-4.52,97,0.94,85,RU,1619249020
51,Butaritari,3.0707,172.7902,27.91,71,3.66,75,KI,1619249021
52,Saskylakh,71.9167,114.0833,1.07,100,7.92,98,RU,1619249021
53,Superior,46.7208,-92.1041,5.0,90,3.31,87,US,1619249021
54,Port Elizabeth,-33.918,25.5701,16.0,75,1.54,94,ZA,1619249022
55,Pisco,-13.7,-76.2167,18.0,0,0.47,82,PE,1619249022
56,Yellowknife,62.456,-114.3525,-13.0,75,1.96,72,CA,1619249023
57,Jamestown,42.097,-79.2353,4.0,1,4.12,65,US,1619248984
58,Flin Flon,54.7682,-101.865,-7.0,100,1.49,79,CA,1619249023
59,Hermanus,-34.4187,19.2345,16.67,100,0.89,88,ZA,1619249024
60,Port Alfred,-33.5906,26.891,20.37,1,4.89,62,ZA,1619249024
61,Provideniya,64.3833,-173.3,0.79,93,1.35,80,RU,1619249024
62,Busselton,-33.65,115.3333,26.67,5,1.79,40,AU,1619249025
63,Semīrom,31.4167,51.5667,19.09,80,2.0,20,IR,1619249025
64,Mount Gambier,-37.8333,140.7667,15.0,75,4.12,82,AU,1619249026
65,Rock Sound,24.9,-76.2,24.16,100,7.38,79,BS,1619249026
66,Lanzhou,36.0564,103.7922,10.0,90,2.0,66,CN,1619249026
67,Bandarbeyla,9.4942,50.8122,30.45,51,4.18,63,SO,1619249027
68,Fortuna,40.5982,-124.1573,9.44,90,1.2,100,US,1619249027
69,Barrow,71.2906,-156.7887,-5.0,1,2.57,86,US,1619249028
70,Logan,41.7355,-111.8344,7.22,1,1.54,52,US,1619249028
71,Halifax,44.6453,-63.5724,5.56,0,7.72,75,CA,1619248862
72,Pangai,-19.8,-174.35,27.0,75,4.12,78,TO,1619249029
73,Champerico,14.3,-91.9167,20.56,100,0.33,96,GT,1619249029
74,Dikson,73.5069,80.5464,-0.13,100,6.05,98,RU,1619249030
75,Cape Town,-33.9258,18.4232,18.89,0,4.63,72,ZA,1619249030
76,Turaif,31.6725,38.6637,29.0,75,10.29,17,SA,1619249030
77,Bluff,-46.6,168.3333,8.33,7,0.89,90,NZ,1619249031
78,Mahébourg,-20.4081,57.7,26.0,75,5.66,89,MU,1619248956
79,Khorramshahr,30.4397,48.1664,38.0,0,3.09,14,IR,1619249031
80,New Norfolk,-42.7826,147.0587,13.89,62,1.34,71,AU,1619249032
81,Tura,25.5198,90.2201,35.68,39,2.74,15,IN,1619249032
82,Wasilla,61.5814,-149.4394,8.0,1,2.57,46,US,1619249032
83,Saint Paul Harbor,57.79,-152.4072,4.0,90,3.6,87,US,1619249033
84,Najrān,17.4924,44.1277,32.0,0,2.06,18,SA,1619249033
85,Vaini,-21.2,-175.2,25.0,20,1.54,88,TO,1619249034
86,Gigmoto,13.7796,124.39,28.8,11,3.51,71,PH,1619249034
87,Airai,-8.9266,125.4092,19.77,86,1.3,74,TL,1619248929
88,Kapaa,22.0752,-159.319,24.0,90,8.75,73,US,1619249035
89,Makakilo City,21.3469,-158.0858,24.0,1,2.06,68,US,1619249035
90,Bethany,45.5579,-122.8676,11.11,90,2.06,81,US,1619249035
91,Verkhnedneprovskiy,54.9813,33.3457,5.12,71,3.96,64,RU,1619249036
92,Mabaruma,8.2,-59.7833,22.1,98,0.92,98,GY,1619249036
93,Puerto Ayora,-0.7393,-90.3518,25.0,14,1.79,96,EC,1619249036
94,Sorong,-0.8833,131.25,27.89,100,4.06,79,ID,1619249037
95,Port Hardy,50.6996,-127.4199,8.0,90,1.03,93,CA,1619249037
96,Pisticci,40.3906,16.5568,14.0,90,2.06,94,IT,1619249038
97,Hasaki,35.7333,140.8333,21.11,75,5.14,52,JP,1619249038
98,Waipawa,-41.4122,175.5153,16.0,15,5.14,82,NZ,1619248987
99,Giohar,2.7809,45.5005,31.82,86,3.75,46,SO,1619249039
100,Chicama,-7.8447,-79.1469,19.19,10,2.4,86,PE,1619249039
101,Fairbanks,64.8378,-147.7164,6.0,1,4.63,52,US,1619248821
102,Jiutai,44.1525,125.8328,11.0,0,5.0,24,CN,1619249039
103,Port Blair,11.6667,92.75,32.0,40,1.54,66,IN,1619249040
104,Tuktoyaktuk,69.4541,-133.0374,-10.05,100,3.25,88,CA,1619249040
105,Constitución,-35.3333,-72.4167,12.07,34,4.14,81,CL,1619249041
106,Upernavik,72.7868,-56.1549,-2.07,100,2.53,84,GL,1619249041
107,Doka,13.5167,35.7667,34.84,83,3.3,23,SD,1619249042
108,Torbay,47.6666,-52.7314,3.33,75,7.2,100,CA,1619249042
109,Dvinskoy,62.1535,45.1175,11.98,95,5.16,56,RU,1619249042
110,Birin,26.8865,88.0718,26.45,13,3.55,21,NP,1619249043
111,Caravelas,-17.7125,-39.2481,21.36,23,1.42,94,BR,1619249043
112,Usogorsk,63.4106,48.6872,13.08,68,5.17,46,RU,1619249044
113,Longyearbyen,78.2186,15.6401,-5.0,75,5.14,74,SJ,1619249044
114,Capesterre-Belle-Eau,16.0432,-61.566,24.0,0,3.6,78,GP,1619249044
115,Palmer,42.1584,-72.3287,5.56,1,1.54,70,US,1619249045
116,Arraial do Cabo,-22.9661,-42.0278,22.17,1,6.68,83,BR,1619249045
117,Montijo,38.7067,-8.9739,16.67,40,4.12,88,PT,1619248833
118,Katsuura,35.1333,140.3,18.89,100,1.34,49,JP,1619249046
119,Faanui,-16.4833,-151.75,26.94,100,4.17,73,PF,1619249047
120,Bambous Virieux,-20.3428,57.7575,28.33,75,5.66,89,MU,1619249047
121,Severo-Kuril'sk,50.6789,156.125,2.74,97,2.06,93,RU,1619249047
122,Alofi,-19.0595,-169.9187,25.0,35,1.54,94,NU,1619249048
123,Olafsvik,64.8945,-23.7142,6.2,100,5.75,95,IS,1619249048
124,Kavaratti,10.5669,72.642,29.22,9,2.44,68,IN,1619249049
125,Vardø,70.3705,31.1107,1.5,100,8.97,74,NO,1619249049
126,Lagoa,39.05,-27.9833,14.45,100,15.25,69,PT,1619249050
127,Ilulissat,69.2167,-51.1,-3.0,100,1.03,74,GL,1619249050
128,Hilo,19.7297,-155.09,22.0,90,2.06,83,US,1619249003
129,Salisbury,51.0693,-1.7957,10.0,11,4.63,70,GB,1619249051
130,North Bend,43.4065,-124.2243,9.44,90,3.6,93,US,1619248765
131,Ostrovnoy,68.0531,39.5131,1.3,100,5.68,97,RU,1619249051
132,Tilichiki,60.4667,166.1,-2.74,22,0.45,89,RU,1619249052
133,Pangnirtung,66.1451,-65.7125,-3.09,100,3.2,82,CA,1619249052
134,Novy Urengoy,66.0833,76.6333,1.37,100,3.71,100,RU,1619249052
135,Cuicatlan,17.8,-96.9667,24.17,86,1.49,64,MX,1619249053
136,Dingle,10.9995,122.6711,30.99,99,0.48,60,PH,1619249053
137,Bethel,41.3712,-73.414,8.89,1,3.13,70,US,1619249054
138,Mount Isa,-20.7333,139.5,30.0,36,4.12,21,AU,1619249054
139,Isangel,-19.55,169.2667,28.0,40,2.57,74,VU,1619249055
140,Jacqueville,5.2052,-4.4146,29.0,20,4.12,84,CI,1619249055
141,Plettenberg Bay,-34.0527,23.3716,18.17,20,0.58,71,ZA,1619249056
142,Ust-Nera,64.5667,143.2,-6.22,100,2.07,60,RU,1619249056
143,Nome,64.5011,-165.4064,1.0,1,1.54,75,US,1619249057
144,Davidson,36.1501,-86.7833,12.22,90,2.06,82,US,1619249057
145,Thompson,55.7435,-97.8558,-12.0,75,1.03,72,CA,1619249057
146,Vypolzovo,57.8767,33.6986,5.14,100,1.89,68,RU,1619249058
147,Cherskiy,68.75,161.3,-2.58,100,4.09,93,RU,1619249059
148,George Town,5.4112,100.3354,30.0,20,3.09,66,MY,1619249059
149,Dunedin,-45.8742,170.5036,8.89,72,0.45,94,NZ,1619248979
150,Sokoto,13.0609,5.239,31.27,83,3.96,23,NG,1619249060
151,Ternate,0.8,127.4,28.78,25,5.05,76,ID,1619249060
152,Kasongo,-4.45,26.6667,21.06,100,0.5,93,CD,1619249061
153,Jiangyou,31.7667,104.7167,22.51,92,1.14,63,CN,1619249061
154,Hays,30.0502,-98.0336,18.33,62,1.34,89,US,1619249061
155,Santa Maria,-29.6842,-53.8069,17.48,100,1.8,57,BR,1619248933
156,Qaanaaq,77.484,-69.3632,-10.32,36,3.7,66,GL,1619249062
157,Casino,-28.8667,153.05,20.0,61,4.12,64,AU,1619249063
158,La Palma,33.8464,-118.0467,16.0,90,1.54,82,US,1619249063
159,Pangody,65.85,74.4859,1.17,100,3.66,100,RU,1619249064
160,Lamu,-2.2717,40.902,29.38,11,4.19,67,KE,1619248500
161,Cabedelo,-6.9811,-34.8339,24.0,20,2.06,94,BR,1619249065
162,Kindu,-2.95,25.95,20.98,100,0.37,98,CD,1619249065
163,Atuona,-9.8,-139.0333,26.77,2,8.57,76,PF,1619249066
164,Boende,-0.2167,20.8667,23.05,100,1.68,94,CD,1619249066
165,Vila Velha,-20.3297,-40.2925,21.0,0,1.54,94,BR,1619249067
166,Pitimbu,-7.4706,-34.8086,24.0,20,2.06,94,BR,1619249067
167,Novo Aripuanã,-5.1206,-60.3797,22.54,92,0.67,99,BR,1619249067
168,Verāval,20.9,70.3667,31.99,100,5.52,50,IN,1619249068
169,Sola,-13.8833,167.55,30.0,75,5.93,79,VU,1619249068
170,Iralaya,15.0,-83.2333,25.41,49,4.02,80,HN,1619249069
171,Kysyl-Syr,63.8986,122.7617,0.21,100,2.86,99,RU,1619249069
172,Menongue,-14.6585,17.691,19.51,100,1.94,53,AO,1619249069
173,Lüderitz,-26.6481,15.1594,22.09,0,2.53,56,NA,1619249029
174,Bambanglipuro,-7.95,110.2833,29.26,29,4.84,62,ID,1619249070
175,Sitka,57.0531,-135.33,8.0,20,2.56,46,US,1619249070
176,Karakol,42.4907,78.3936,7.78,3,2.27,50,KG,1619249071
177,Paita,-5.0892,-81.1144,20.9,27,5.0,76,PE,1619249071
178,Sioux Lookout,50.1001,-91.917,-6.0,75,2.6,93,CA,1619249072
179,Ryabovo,59.4,31.1333,6.11,75,3.0,87,RU,1619249072
180,Flinders,-34.5833,150.8552,18.33,77,0.45,70,AU,1619248982
181,Kropotkin,45.4375,40.5756,14.16,100,7.18,69,RU,1619249073
182,Nanortalik,60.1432,-45.2371,1.56,100,0.6,89,GL,1619249073
183,Saint-Augustin,51.226,-58.6502,0.41,100,6.54,98,CA,1619249073
184,Laramie,41.3114,-105.5911,-0.56,1,3.6,93,US,1619248907
185,Talnakh,69.4865,88.3972,0.71,100,5.05,99,RU,1619248938
186,Hambantota,6.1241,81.1185,32.0,40,3.6,79,LK,1619249076
187,Bam,29.106,58.357,33.3,0,5.57,8,IR,1619249076
188,Kitimat,54.0524,-128.6534,5.0,95,1.06,80,CA,1619249077
189,Grand Gaube,-20.0064,57.6608,28.33,60,4.47,75,MU,1619249077
190,Barra de Tecoanapa,16.5167,-98.75,25.6,100,1.25,71,MX,1619249078
191,Udachny,66.4167,112.4,0.92,100,6.48,100,RU,1619249078
192,Maturin,9.75,-63.1767,22.86,92,2.6,89,VE,1619249078
193,Kamaishi,39.2667,141.8833,22.0,75,4.63,30,JP,1619248894
194,New Agutaya,10.5614,119.3078,29.4,75,3.73,67,PH,1619249079
195,Zeya,53.75,127.2667,5.9,100,6.97,58,RU,1619249079
196,Saint-François,46.4154,3.9054,10.56,0,1.03,66,FR,1619249080
197,Jardim,-21.4803,-56.1381,20.63,11,1.44,52,BR,1619248863
198,City of San Pedro,14.35,121.0167,33.89,20,6.69,62,PH,1619249081
199,Brae,60.3964,-1.353,8.0,20,1.03,81,GB,1619249081
200,Høyanger,61.2204,6.0749,1.11,20,0.45,81,NO,1619249081
201,Manche,49.0,-1.1667,10.0,0,5.66,57,FR,1619249082
202,Ixtapa,20.7,-105.2,23.33,92,0.81,82,MX,1619249082
203,Olinda,-8.0089,-34.8553,23.0,40,1.03,88,BR,1619248935
204,Bengkulu,-3.8004,102.2655,28.99,77,3.13,64,ID,1619249083
205,Chino Valley,34.7575,-112.4538,13.89,1,4.63,30,US,1619249083
206,Maroantsetra,-15.4333,49.7333,24.35,97,1.85,88,MG,1619249083
207,Korla,41.7597,86.1469,13.62,8,4.91,30,CN,1619249084
208,Kumul,42.8,93.45,14.62,60,2.16,21,CN,1619249084
209,Grand-Lahou,5.1367,-5.0242,27.69,97,3.62,82,CI,1619249085
210,Tasiilaq,65.6145,-37.6368,4.0,90,7.72,65,GL,1619249085
211,Gurupá,-1.405,-51.64,22.2,96,1.01,99,BR,1619249086
212,Margate,51.3813,1.3862,9.44,15,0.89,72,GB,1619249086
213,Szeged,46.253,20.1482,11.11,0,3.25,61,HU,1619249086
214,Belmonte,-15.8631,-38.8828,22.0,20,2.06,88,BR,1619249087
215,Wanning,18.8003,110.3967,29.36,2,5.76,69,CN,1619249087
216,Vuktyl,63.8567,57.3094,9.3,89,2.19,67,RU,1619249087
217,Leh,34.1667,77.5833,1.94,0,1.79,23,IN,1619249088
218,Norman Wells,65.282,-126.8329,-1.0,75,2.06,80,CA,1619249088
219,Melito di Porto Salvo,37.9222,15.7714,14.0,90,3.09,82,IT,1619249089
220,Arman',59.7,150.1667,0.29,17,2.5,66,RU,1619249089
221,Mindelo,16.8901,-24.9804,20.0,40,9.77,68,CV,1619249090
222,Osinniki,53.6239,87.3598,5.3,100,2.66,63,RU,1619249090
223,Chakwal,32.9334,72.8585,28.36,0,3.92,21,PK,1619249091
224,Juneau,58.3019,-134.4197,4.44,20,3.31,69,US,1619249091
225,Lorengau,-2.0226,147.2712,28.41,100,1.12,72,PG,1619249092
226,Avarua,-21.2078,-159.775,26.0,23,6.17,83,CK,1619248950
227,Qaqortoq,60.7167,-46.0333,1.0,21,1.36,80,GL,1619249092
228,Clonakilty,51.6231,-8.8706,9.0,75,8.23,71,IE,1619249093
229,Vestmannaeyjar,63.4427,-20.2734,8.06,100,6.9,90,IS,1619249093
230,Ermelo,-26.5333,29.9833,15.94,1,5.15,35,ZA,1619249093
231,Kurchum,48.5722,83.6542,5.63,58,2.83,39,KZ,1619249094
232,Darnah,32.767,22.6367,23.45,75,9.29,32,LY,1619249094
233,Lichinga,-13.3128,35.2406,19.0,75,5.14,88,MZ,1619249094
234,Mandalgovi,45.7625,106.2708,13.92,100,11.69,35,MN,1619248892
235,Baykit,61.67,96.37,4.36,96,0.37,83,RU,1619249095
236,Faya,18.3851,42.4509,25.0,40,4.12,21,SA,1619249095
237,Rembang,-6.707,111.3498,29.91,67,2.95,64,ID,1619249096
238,Erzin,36.9559,36.2,25.0,0,2.68,41,TR,1619249096
239,Misratah,32.3754,15.0925,17.26,4,10.87,76,LY,1619249097
240,Trairi,-3.2778,-39.2689,23.68,88,2.75,92,BR,1619248874
241,Tortolì,39.9256,9.6572,18.0,0,1.54,45,IT,1619249097
242,Muros,42.7762,-9.0603,14.44,100,2.55,95,ES,1619248893
243,Dandeli,15.2667,74.6167,33.0,20,2.57,51,IN,1619249098
244,Pevek,69.7008,170.3133,-8.56,92,1.3,90,RU,1619249098
245,Andrews,32.3187,-102.5457,14.0,1,4.63,33,US,1619249099
246,Khatanga,71.9667,102.5,0.57,100,7.56,99,RU,1619249099
247,Lompoc,34.6391,-120.4579,11.0,3,1.54,82,US,1619248823
248,Lokosovo,61.1333,74.8167,3.39,100,3.19,94,RU,1619249100
249,Koindu,8.4386,-10.3253,21.41,100,1.2,94,GN,1619249100
250,Noshiro,40.2039,140.0242,18.0,0,3.6,36,JP,1619249101
251,Aras,42.5617,-2.356,11.67,20,5.14,71,ES,1619249101
252,Codrington,-38.2667,141.9667,13.9,61,5.0,82,AU,1619249102
253,Shuangcheng,45.35,126.2833,12.0,0,7.0,26,CN,1619249102
254,Srednekolymsk,67.45,153.6833,-9.36,100,7.87,93,RU,1619249103
255,Ponta Delgada,37.7333,-25.6667,14.0,75,9.77,72,PT,1619249103
256,Moree,-29.4667,149.85,21.0,14,5.66,28,AU,1619249103
257,Ocampo,21.65,-101.5,14.13,28,2.78,24,MX,1619249104
258,Saint-Philippe,-21.3585,55.7679,26.11,90,12.35,83,RE,1619249104
259,Yenagoa,4.9247,6.2642,27.13,100,1.88,87,NG,1619249105
260,Mareeba,-17.0,145.4333,26.11,100,2.24,83,AU,1619249105
261,Ramona,33.0417,-116.8681,13.33,90,2.57,82,US,1619249105
262,Matai,-8.3,31.5167,21.0,20,2.57,56,TZ,1619249106
263,Berdigestyakh,62.0989,126.6992,-1.05,100,4.19,67,RU,1619249106
264,Barberton,-25.7884,31.0532,18.33,40,0.51,88,ZA,1619249107
265,Ponta do Sol,32.6667,-17.1,14.44,23,0.45,77,PT,1619249107
266,Yangi Marg`ilon,40.4272,71.7189,23.0,100,2.06,21,UZ,1619249108
267,Arzachena,41.0769,9.3887,15.0,0,3.09,72,IT,1619249108
268,Kapuskasing,49.4169,-82.4331,0.0,100,3.6,80,CA,1619249108
269,High Level,58.5169,-117.136,-4.0,20,2.06,54,CA,1619249109
270,Kabelvåg,68.2114,14.4817,2.78,84,2.68,66,NO,1619249109
271,Sawtell,-30.3833,153.1,20.0,1,2.57,60,AU,1619249110
272,Port Lincoln,-34.7333,135.8667,17.15,98,4.54,63,AU,1619249110
273,Berezovyy,51.6667,135.7,6.3,100,5.65,35,RU,1619249111
274,Cockburn Town,21.4612,-71.1419,25.52,24,7.48,77,TC,1619249111
275,Cervo,43.6702,-7.4101,13.89,100,1.78,89,ES,1619249112
276,Havre-St-Pierre,50.2334,-63.5986,-3.0,1,2.57,93,CA,1619249112
277,Nishihara,26.1842,127.7558,22.0,90,7.2,78,JP,1619249112
278,Arlit,18.7369,7.3853,32.64,9,1.2,6,NE,1619249113
279,Cheb,50.0796,12.3739,6.11,100,0.45,80,CZ,1619249113
280,Fort Saint James,54.4333,-124.25,-0.54,63,1.52,72,CA,1619249114
281,Tadine,-21.55,167.8833,24.52,100,5.29,81,NC,1619249114
282,Maragogi,-9.0122,-35.2225,24.83,3,1.59,82,BR,1619249115
283,Nadym,65.5333,72.5167,2.26,100,4.3,100,RU,1619249115
284,Kutum,14.2,24.6667,29.61,100,7.17,14,SD,1619249115
285,Dunda,-8.1167,34.25,22.93,34,3.0,64,TZ,1619249116
286,Nago,26.5881,127.9761,21.0,90,7.72,78,JP,1619249116
287,Verkhoyansk,67.5447,133.385,-2.74,100,3.96,69,RU,1619249117
288,Sydney,-33.8679,151.2073,19.44,0,5.14,55,AU,1619248960
289,Gazli,40.1333,63.45,27.79,100,2.52,10,UZ,1619249117
290,Leningradskiy,69.3833,178.4167,-5.29,100,2.63,95,RU,1619249118
291,Mahon,39.8885,4.2658,15.0,20,4.12,77,ES,1619249118
292,Takoradze,4.8845,-1.7554,27.78,100,3.73,80,GH,1619249118
293,Sambava,-14.2667,50.1667,27.55,56,5.55,68,MG,1619249119
294,El Dorado,38.7666,-120.5177,8.89,95,1.88,85,US,1619249119
295,Makkah al Mukarramah,21.4267,39.8261,34.38,74,2.4,18,SA,1619249120
296,Östersund,63.1792,14.6357,1.67,20,7.2,55,SE,1619249120
297,Diu,20.7141,70.9822,34.36,97,3.04,40,IN,1619249120
298,Rurrenabaque,-14.4413,-67.5278,21.31,69,0.67,99,BO,1619249121
299,Urengoy,65.9667,78.3667,1.62,100,3.48,100,RU,1619249121
300,Naryan-Mar,67.6713,53.087,1.84,100,4.22,98,RU,1619249122
301,Chiang Klang,19.2938,100.8617,35.0,0,1.54,59,TH,1619249122
302,Cedar City,37.6775,-113.0619,10.0,1,4.12,20,US,1619249123
303,Sibolga,1.7427,98.7792,28.01,99,2.33,80,ID,1619249123
304,Puerto Quijarro,-17.7833,-57.7667,22.05,2,0.55,62,BO,1619249123
305,Belyy Yar,53.6039,91.3903,9.0,0,1.0,25,RU,1619249124
306,Sukhumi,43.0033,41.0153,17.03,100,1.53,55,GE,1619249122
307,La Unión,-5.4,-80.75,21.92,49,5.09,68,PE,1619249125
308,Pacific Grove,36.6177,-121.9166,12.0,90,3.09,71,US,1619249125
309,Patterson,37.4716,-121.1297,13.33,1,4.63,50,US,1619249125
310,Antsohihy,-14.8796,47.9875,28.89,94,4.14,59,MG,1619249126
311,Mawlamyine,16.4914,97.6256,31.92,100,5.12,58,MM,1619249126
312,Saint George,37.1041,-113.5841,20.0,1,2.57,20,US,1619249127
313,São Filipe,14.8961,-24.4956,21.54,77,4.99,76,CV,1619249023
314,Xichang,27.8964,102.2634,31.63,7,2.11,12,CN,1619249129
315,Bathsheba,13.2167,-59.5167,26.0,75,8.75,65,BB,1619249129
316,Noormarkku,61.5927,21.8685,2.0,90,4.63,87,FI,1619249129
317,Matanzas,23.0411,-81.5775,25.0,20,4.12,83,CU,1619249130
318,San Patricio,28.017,-97.5169,23.33,40,3.09,100,US,1619249130
319,Iqaluit,63.7506,-68.5145,0.0,75,6.17,86,CA,1619249131
320,Timóteo,-19.5825,-42.6444,18.0,90,0.3,100,BR,1619249131
321,Morgan City,29.6994,-91.2068,23.89,90,7.72,100,US,1619249132
322,Hofn,64.2539,-15.2082,7.51,100,1.11,73,IS,1619249132
323,Esperance,-33.8667,121.9,24.0,100,3.6,38,AU,1619249100
324,Yeniseysk,58.4497,92.1703,8.45,100,2.58,54,RU,1619249132
325,Baracoa,20.3467,-74.4958,23.99,35,3.6,82,CU,1619249133
326,Ampanihy,-24.7,44.75,28.59,0,2.97,41,MG,1619249133
327,Ibaiti,-23.8486,-50.1878,10.95,30,1.44,77,BR,1619249134
328,Kahului,20.8947,-156.47,23.0,20,7.72,78,US,1619249134
329,Villa Carlos Paz,-31.4241,-64.4978,16.11,40,3.6,88,AR,1619249134
330,Tautira,-17.7333,-149.15,25.0,75,1.03,83,PF,1619249135
331,Maniitsoq,65.4167,-52.9,0.54,5,3.37,63,GL,1619249135
332,Tiksi,71.6872,128.8694,-5.08,100,10.03,84,RU,1619249136
333,Asău,46.4333,26.4,11.11,27,2.32,34,RO,1619249136
334,Eidsvåg,62.7767,8.0668,3.0,90,4.12,60,NO,1619248935
335,Tarabuco,-19.1667,-64.9167,7.18,57,1.15,82,BO,1619249136
336,Kieta,-6.2167,155.6333,25.56,100,2.31,89,PG,1619249137
337,Kaeo,-35.1,173.7833,15.56,0,0.45,82,NZ,1619249137
338,Whitehorse,60.7161,-135.0538,1.0,40,2.57,60,CA,1619248924
339,Nagato,34.3833,131.2,20.0,75,7.2,68,JP,1619249138
340,Bereda,43.2686,-7.5406,13.33,100,0.89,100,ES,1619249138
341,Naze,28.3667,129.4833,21.0,75,10.8,73,JP,1619249139
342,Abonnema,4.7084,6.7931,26.0,40,2.01,94,NG,1619249139
343,Mezen',65.8522,44.24,12.86,96,5.47,63,RU,1619249140
344,Kashiwazaki,37.3667,138.55,18.33,100,0.45,57,JP,1619249140
345,Ketchikan,55.3422,-131.6461,7.0,1,2.06,70,US,1619249141
346,Ak-Dovurak,51.1833,90.6,5.53,37,3.37,34,RU,1619249141
347,Natal,-5.795,-35.2094,25.0,75,1.54,94,BR,1619249142
348,Sur,22.5667,59.5289,34.31,0,1.75,28,OM,1619249112
349,Colares,38.7992,-9.4469,16.11,75,3.6,88,PT,1619249142
350,Ambāgarh Chauki,20.7833,80.7167,40.14,18,2.65,10,IN,1619249143
351,Burns Lake,54.2331,-125.7533,-1.0,99,1.03,69,CA,1619249143
352,Zhuanghe,39.7008,122.9911,19.84,80,5.1,46,CN,1619249144
353,Riyadh,24.6877,46.7219,35.0,0,1.54,12,SA,1619248862
354,La Ronge,55.1001,-105.2842,-7.0,95,2.06,58,CA,1619249144
355,San Joaquin,37.9333,-121.3011,13.33,1,5.66,71,US,1619249145
356,Souillac,-20.5167,57.5167,26.0,75,5.66,89,MU,1619249139
357,Thinadhoo,0.5333,72.9333,28.3,22,1.8,65,MV,1619249145
358,Mayna,54.1135,47.6231,10.63,100,3.59,66,RU,1619249146
359,Fohnsdorf,47.2183,14.6819,4.0,20,0.51,60,AT,1619249146
360,Lodja,-3.4833,23.4333,21.46,100,0.78,96,CD,1619249146
361,Hanumāngarh,29.5833,74.3167,32.5,0,4.51,14,IN,1619249147
362,Petropavlovsk-Kamchatskiy,53.0452,158.6483,4.0,75,3.0,81,RU,1619249147
363,Sirte,31.2089,16.5887,17.94,96,9.84,80,LY,1619249148
364,Aklavik,68.2191,-135.0107,-1.0,100,2.57,69,CA,1619249148
365,Naberera,-4.2,36.9333,21.56,50,3.81,69,TZ,1619249148
366,Inhambane,-23.865,35.3833,19.0,75,2.5,88,MZ,1619249149
367,Oriximiná,-1.7656,-55.8661,23.76,99,0.85,93,BR,1619249149
368,Laguna,38.421,-121.4238,12.0,20,4.63,76,US,1619248857
369,Morondava,-20.2833,44.2833,27.82,0,0.72,58,MG,1619249150
370,Namatanai,-3.6667,152.4333,27.22,73,1.9,77,PG,1619249115
371,Boma,7.0805,-2.1697,23.8,95,1.71,93,GH,1619249150
372,Mahina,-17.5065,-149.489,25.0,75,1.03,83,PF,1619249151
373,Palmeirais,-5.9778,-43.0633,22.49,84,0.26,96,BR,1619249151
374,Vostok,46.4856,135.8833,6.41,100,4.59,34,RU,1619249152
375,San-Pédro,4.7485,-6.6363,25.71,95,2.64,88,CI,1619249152
376,Oussouye,12.485,-16.5469,21.0,0,3.09,94,SN,1619249152
377,Abu Dhabi,24.4667,54.3667,38.0,0,1.03,14,AE,1619248830
378,Mishelevka,52.8575,103.1719,6.34,100,5.37,56,RU,1619249153
379,Aleksandrov Gay,50.147,48.5704,13.18,100,3.79,67,RU,1619249153
380,Petauke,-14.2426,31.3253,22.31,12,2.45,56,ZM,1619249154
381,Mahibadhoo,3.7833,72.9667,28.9,66,3.98,67,MV,1619249154
382,Umba,66.6871,34.3429,1.75,100,3.28,98,RU,1619249154
383,Rabak,13.1809,32.74,36.17,29,5.57,27,SD,1619249155
384,Hereford,52.0568,-2.7148,7.22,74,1.34,75,GB,1619249155
385,Kruisfontein,-34.0033,24.7314,17.2,81,1.38,78,ZA,1619249156
386,Camacha,33.0833,-16.3333,17.0,20,7.72,67,PT,1619249156
387,Aasiaat,68.7098,-52.8699,-7.44,100,3.59,82,GL,1619249156
388,Ambulu,-8.345,113.6058,29.17,15,3.43,64,ID,1619249157
389,Zurich,47.3667,8.55,10.56,0,0.73,61,CH,1619249008
390,Poltavka,54.3663,71.7632,9.71,31,6.88,27,RU,1619249157
391,Vestmanna,62.1564,-7.1664,7.0,75,2.06,100,FO,1619249158
392,Angoche,-16.2325,39.9086,27.13,37,3.75,67,MZ,1619249158
393,Necochea,-38.5473,-58.7368,15.56,100,1.34,98,AR,1619249159
394,Kargasok,59.0556,80.8572,5.91,35,1.6,76,RU,1619249159
395,Kramat,-8.1311,113.4499,29.69,37,2.6,61,ID,1619249159
396,Auki,-8.7676,160.7034,27.06,53,0.33,80,SB,1619249160
397,Nemuro,43.3236,145.575,12.0,75,3.6,62,JP,1619249160
398,Camocim,-2.9022,-40.8411,23.96,95,3.29,92,BR,1619249161
399,Peleduy,59.6289,112.7406,4.03,93,3.21,90,RU,1619249161
400,Hazaribagh,23.9833,85.35,38.48,100,4.1,6,IN,1619249161
401,Buraidah,26.326,43.975,33.0,20,3.6,17,SA,1619248876
402,Mpanda,-6.3655,31.0409,22.01,50,1.31,81,TZ,1619249162
403,Bloemhof,-27.6469,25.607,20.33,4,4.65,25,ZA,1619249163
404,San Quintín,30.4833,-115.95,7.78,100,1.34,22,MX,1619249163
405,Hong Kong,22.2855,114.1577,28.0,40,6.17,61,HK,1619248886
406,Nhulunbuy,-12.2333,136.7667,29.0,15,5.66,58,AU,1619249121
407,Maningrida,-12.0667,134.2667,31.39,99,4.4,33,AU,1619249164
408,Sovetskiy,61.3614,63.5842,9.67,87,1.48,60,RU,1619249164
409,Narsaq,60.9167,-46.05,1.0,7,0.6,80,GL,1619249165
410,Valdivia,-39.8142,-73.2459,4.0,90,1.03,100,CL,1619248936
411,Kanniyākumāri,8.0833,77.5667,30.92,76,5.73,67,IN,1619249165
412,Mossamedes,-15.1961,12.1522,25.99,59,1.21,81,AO,1619249166
413,Richards Bay,-28.783,32.0377,17.87,100,8.68,84,ZA,1619248902
414,Cabatuan,10.8794,122.486,32.44,97,2.48,51,PH,1619249166
415,Sucúa,-2.4667,-78.1667,19.95,100,1.22,97,EC,1619249167
416,Grand-Santi,4.25,-54.3833,22.61,100,0.33,99,GF,1619249167
417,La Asuncion,11.0333,-63.8628,19.0,100,8.23,100,VE,1619249168
418,Ekibastuz,51.6667,75.3667,8.52,8,3.16,31,KZ,1619249168
419,Port-Gentil,-0.7193,8.7815,27.47,100,0.53,74,GA,1619249168
420,Praia,14.9215,-23.5087,20.0,40,6.17,73,CV,1619248929
421,Muisne,0.6,-80.0333,24.54,100,1.75,88,EC,1619249169
422,Ambilobe,-13.2,49.05,29.52,35,2.46,58,MG,1619249169
423,Havøysund,70.9963,24.6622,-1.0,90,5.14,64,NO,1619249170
424,Klaksvík,62.2266,-6.589,7.0,75,2.06,100,FO,1619249170
425,Mogadishu,2.0371,45.3438,31.0,75,2.57,58,SO,1619249158
426,Fojnica,43.9625,17.8983,6.0,0,0.51,65,BA,1619249171
427,Philadelphia,39.9523,-75.1638,11.11,1,2.57,66,US,1619249171
428,Alice Springs,-23.7,133.8833,24.0,0,6.17,22,AU,1619249141
429,Clyde River,70.4692,-68.5914,-14.0,90,1.03,100,CA,1619248936
430,Ponnāni,10.767,75.9252,33.0,40,2.06,58,IN,1619249172
431,Gimli,50.6336,-96.9907,-5.0,6,2.06,50,CA,1619249172
432,Oxapampa,-10.5775,-75.4017,14.03,92,0.97,97,PE,1619249173
433,Kollam,8.8833,76.6,33.0,20,4.63,66,IN,1619249173
434,Santoña,43.4439,-3.4576,18.0,20,5.14,48,ES,1619249174
435,Mopti,14.6667,-4.0,28.0,0,2.06,47,ML,1619249174
436,San Cristobal,7.7669,-72.225,20.99,80,0.26,74,VE,1619249175
437,Tual,-5.6667,132.75,28.58,100,9.87,76,ID,1619249118
438,Hualmay,-11.0964,-77.6139,18.44,12,3.5,91,PE,1619249175
439,Kiryat Gat,31.61,34.7642,22.78,1,1.16,30,IL,1619249176
440,Bela Vista de Goiás,-16.9728,-48.9533,16.0,0,0.34,94,BR,1619249176
441,Khasan,42.4308,130.6434,9.68,83,5.24,80,RU,1619249176
442,Preobrazheniye,42.9019,133.9064,12.5,100,4.33,70,RU,1619249098
443,Tezu,27.9167,96.1667,37.18,4,2.4,15,IN,1619249177
444,Te Anau,-45.4167,167.7167,7.18,7,1.83,81,NZ,1619249177
445,Arona,28.0996,-16.681,20.0,20,2.06,72,ES,1619249178
446,Dickson,36.077,-87.3878,12.0,90,2.06,71,US,1619249178
447,Bagdarin,54.4333,113.6,9.77,99,1.82,26,RU,1619249178
448,Tazovsky,67.4667,78.7,0.99,100,4.06,99,RU,1619249179
449,Chifeng,42.2683,118.9636,13.98,66,5.47,47,CN,1619249179
450,Rawson,-43.3002,-65.1023,11.55,14,5.93,74,AR,1619249180
451,Grafton,42.207,-71.6856,7.22,1,5.14,45,US,1619249180
452,Labuan,5.2767,115.2417,32.0,20,2.57,62,MY,1619249180
453,Akşehir,38.3575,31.4164,14.73,81,2.27,52,TR,1619249181
454,Gacko,43.1672,18.5353,15.0,0,1.54,44,BA,1619249181
455,Agadez,19.75,10.25,31.31,93,3.92,11,NE,1619249083
456,Waingapu,-9.6567,120.2641,29.18,5,4.38,68,ID,1619249182
457,Casablanca,33.5928,-7.6192,16.0,20,1.03,94,MA,1619249182
458,Bayan,46.0833,127.4,13.61,0,6.97,14,CN,1619249182
459,Kajaani,64.2273,27.7285,3.0,90,2.57,93,FI,1619249183
460,Ishigaki,24.3448,124.1572,25.0,40,7.72,69,JP,1619249183
461,Semey,50.4111,80.2275,11.0,0,5.0,17,KZ,1619249184
462,Okhotsk,59.3833,143.3,0.22,11,4.21,62,RU,1619249122
463,Latung,5.5,120.8833,28.95,19,2.07,65,PH,1619249184
464,Kirakira,-10.4544,161.9205,27.46,100,1.44,75,SB,1619249052
465,Abu Samrah,35.3029,37.1841,26.56,91,3.58,17,SY,1619249185
466,Mujiayingzi,42.1167,118.7833,12.76,96,4.36,52,CN,1619249185
467,Berlevåg,70.8578,29.0864,0.39,100,5.1,88,NO,1619249186
468,Geraldton,-28.7667,114.6,30.0,2,6.69,25,AU,1619249186
469,Usinsk,65.9939,57.5281,3.45,100,2.83,99,RU,1619249187
470,Panama City,8.9936,-79.5197,26.0,90,2.57,83,PA,1619249187
471,Tigil',57.8,158.6667,-0.26,100,1.07,90,RU,1619249187
472,Comodoro Rivadavia,-45.8667,-67.5,8.0,0,4.12,71,AR,1619249188
473,Zapotiltic,19.6167,-103.4333,15.99,100,0.96,57,MX,1619249188
474,Antofagasta,-23.65,-70.4,15.0,90,1.54,88,CL,1619249163
475,Energetik,51.7445,58.7934,5.37,100,6.56,84,RU,1619249189
476,Maryborough,-25.5333,152.7,23.33,10,0.45,57,AU,1619249189
477,Batouri,4.4333,14.3667,20.28,100,2.1,91,CM,1619249190
478,Carnarvon,-24.8667,113.6333,28.0,0,5.14,57,AU,1619248954
479,Harper,4.375,-7.7169,27.25,100,3.18,82,LR,1619249190
480,Puerto López,4.0845,-72.956,25.12,16,0.11,71,CO,1619249191
481,Praia da Vitória,38.7333,-27.0667,15.0,40,15.62,63,PT,1619248919
482,Killybegs,54.6333,-8.45,11.0,0,2.06,58,IE,1619249191
483,Hudiksvall,61.729,17.1036,4.44,100,2.24,50,SE,1619249192
484,Cairns,-16.9167,145.7667,25.56,90,4.63,88,AU,1619249179
485,Narasannapeta,18.4167,84.05,35.0,3,5.89,41,IN,1619249192
486,Sinnamary,5.3833,-52.95,24.94,100,5.13,89,GF,1619249193
487,Nehe,48.4833,124.8333,13.65,0,5.64,16,CN,1619249193
488,Taltal,-25.4,-70.4833,15.5,21,0.33,83,CL,1619249193
489,Kungurtug,50.5994,97.5228,2.49,100,0.88,77,RU,1619249194
490,Kandrian,-6.2167,149.55,25.81,100,0.38,85,PG,1619249194
491,Victor Harbor,-35.5667,138.6167,17.22,100,0.89,71,AU,1619249195
492,Bulgan,48.8125,103.5347,1.32,100,1.15,89,MN,1619249195
493,Kokemäki,61.2565,22.3564,2.78,90,4.63,87,FI,1619249195
494,Kyren,51.6828,102.1408,3.83,100,0.75,89,RU,1619249196
495,Pierre,44.3683,-100.351,0.56,90,3.09,93,US,1619249196
496,Prado,-17.3411,-39.2208,22.96,26,1.13,89,BR,1619249197
497,Salò,45.6086,10.531,17.22,20,4.63,59,IT,1619249197
498,Sampit,-2.5333,112.95,29.98,100,0.42,61,ID,1619249197
499,Portland,45.5234,-122.6762,12.0,75,2.06,66,US,1619248829
500,Qian’an,44.9932,124.0581,14.17,5,7.03,9,CN,1619249198
501,Laas,46.6166,10.7002,11.11,0,2.06,65,IT,1619249198
502,Shimoda,34.6667,138.95,18.89,75,2.06,51,JP,1619249199
503,Żnin,52.8496,17.7199,9.44,0,5.14,53,PL,1619249199
504,Santa Cruz de la Sierra,-17.8,-63.1667,23.0,90,5.14,94,BO,1619249200
505,Omsukchan,62.5333,155.8,-9.46,100,2.52,82,RU,1619249200
506,Garoowe,8.4054,48.4845,29.03,50,3.79,54,SO,1619249200
507,Camaná,-16.6228,-72.7111,19.49,61,3.55,82,PE,1619249201
508,Waitati,-45.75,170.5667,8.89,58,1.89,94,NZ,1619249201
509,Hay River,60.8156,-115.7999,-10.0,51,1.03,73,CA,1619248960
510,Araouane,18.9048,-3.5265,28.83,15,3.36,13,ML,1619249202
511,Nikol'sk,53.7189,46.0712,12.79,26,4.26,62,RU,1619249202
512,Prince Rupert,54.3161,-130.3201,8.0,1,1.54,87,CA,1619249203
513,Sobolevo,54.4299,31.8996,3.52,94,5.54,69,RU,1619249203
514,Ambanja,-13.6833,48.45,29.06,38,0.83,65,MG,1619249204
515,Yeppoon,-23.1333,150.7333,23.0,90,2.06,49,AU,1619249204
516,Gizo Government Station,-8.103,156.8419,28.32,82,4.88,77,SB,1619249204
517,Wuchi,29.3786,103.023,13.89,99,2.38,92,CN,1619249205
518,Chabahar,25.2919,60.643,31.29,3,2.7,51,IR,1619249206
519,Yuxia,34.0615,108.6291,15.56,90,8.0,94,CN,1619249206
520,Iguape,-24.7081,-47.5553,18.04,87,2.31,94,BR,1619249206
521,Basco,20.4487,121.9702,25.24,23,5.68,73,PH,1619249207
522,Saint Anthony,45.0205,-93.218,7.22,90,3.09,87,US,1619249144
523,Terney,45.0503,136.6092,8.15,100,3.95,62,RU,1619249208
524,Morón,-34.6534,-58.6198,17.78,100,0.45,99,AR,1619249208
525,Sauda,59.6506,6.3542,3.89,79,3.58,67,NO,1619249208
526,Los Llanos de Aridane,28.6585,-17.9182,19.0,20,1.54,59,ES,1619249209
527,Ziarat,30.3823,67.7282,18.52,0,3.12,19,PK,1619249209
528,Henties Bay,-22.116,14.2845,16.11,30,0.89,94,NA,1619249209
529,Bebedouro,-20.9494,-48.4792,13.08,0,2.94,84,BR,1619249210
530,Ghātsīla,22.6,86.4833,40.0,20,3.6,12,IN,1619249210
531,Bitkine,11.9801,18.2138,32.38,34,4.34,32,TD,1619249211
532,Lata,40.1629,-8.3327,16.67,92,0.45,91,PT,1619249211
533,Ekhabi,53.5102,142.9671,0.58,0,4.88,63,RU,1619249212
534,Magistral'nyy,56.1725,107.4458,5.24,100,1.56,63,RU,1619249212
535,Pontal do Paraná,-25.6533,-48.5128,14.0,90,0.51,94,BR,1619249212
536,Bayir,37.2687,28.2167,17.0,75,2.06,72,TR,1619249213
537,Langenhagen,52.45,9.75,7.78,40,3.09,81,DE,1619249059
538,Nelson Bay,-32.7167,152.15,19.0,22,2.57,68,AU,1619249213
539,Huilong,31.8111,121.655,21.11,100,2.83,84,CN,1619249214
540,Beckley,37.7782,-81.1882,6.0,1,2.57,61,US,1619249214
541,Kathmandu,27.7167,85.3167,28.0,20,4.63,23,NP,1619248392
542,Port-Cartier,50.0334,-66.8654,1.67,40,1.03,100,CA,1619249215
543,Rondonópolis,-16.4708,-54.6356,18.65,0,1.41,70,BR,1619249215
544,Broome,42.2506,-75.833,6.0,1,3.6,52,US,1619249138
545,Coahuayana Viejo,18.7333,-103.6833,21.57,90,1.46,73,MX,1619249216
546,Eureka,40.8021,-124.1637,9.44,100,1.5,92,US,1619249216
547,Mayya,61.7333,130.2811,1.0,40,4.0,47,RU,1619249217
